county,county_pop_density,county_bush_vote04
1,85.165649,0.75999999
2,112.68102,0.75999999
3,33.604774,0.55000001
4,34.648689,0.72000003
5,90.375397,0.81
6,17.575634,0.31999999
7,25.698093,0.58999997
8,187.49106,0.66000003
9,57.471264,0.57999998
10,44.200092,0.64999998
11,61.919743,0.76999998
12,15.314488,0.54000002
13,21.029171,0.58999997
14,22.542698,0.69999999
15,26.34543,0.75
16,71.628448,0.74000001
17,91.902542,0.55000001
18,15.198744,0.54000002
19,16.179192,0.57999998
20,35.478268,0.75999999
21,22.607368,0.69
22,110.74607,0.75999999
23,85.81221,0.75
24,42.749508,0.38999999
25,89.187355,0.69999999
26,127.5368,0.76999998
27,39.513058,0.69
28,193.79344,0.63
29,27.675812,0.69
30,48.912521,0.63
31,45.049282,0.79000002
32,13.670039,0.2
33,27.922937,0.41
34,29.631752,0.66000003
35,172.45331,0.74000001
36,48.981083,0.56999999
37,597.7196,0.54000002
38,23.477011,0.70999998
39,133.83752,0.60000002
40,49.187893,0.55000001
41,223.23109,0.63
42,138.31905,0.68000001
43,17.122696,0.30000001
44,35.689072,0.17
45,407.17487,0.58999997
46,21.435041,0.50999999
47,39.270855,0.69999999
48,159.41699,0.72000003
49,333.89343,0.58999997
50,21.824722,0.61000001
51,283.78006,0.49000001
52,201.46063,0.69
53,14.764748,0.31
54,21.803503,0.56999999
55,45.394192,0.63
56,38.855854,0.68000001
57,79.283722,0.5
58,129.22247,0.81
59,242.23538,0.80000001
60,14.20323,0.28999999
61,108.50375,0.61000001
62,57.119537,0.69
63,138.96031,0.61000001
64,86.53421,0.68000001
65,15.795021,0.61000001
66,13.935227,0.31999999
67,39.055264,0.77999997
68,0.39266506,0.34272
69,1.0596408,0.34272
70,168.61388,0.676
71,0.42703879,0.48500001
72,1.7448447,0.34272
73,0.1451804,0.052122001
74,0.26543823,0.34272
75,13.393529,0.58200002
76,1.0235803,0.51351303
77,0.28573191,0.51351303
78,11.335941,0.40799999
79,3.4137337,0.671
80,10.545529,0.60500002
81,2.0344989,0.611
82,0.062442288,0.611
83,3.5807734,0.66799998
84,0.40828818,0.51700002
85,0.076021381,0.534316
86,0.20736335,0.534316
87,3.0435135,0.51058
88,2.0334098,0.51351303
89,0.27773684,0.41940001
90,0.27168548,0.51351303
91,0.44964671,0.51700002
92,0.089537121,0.51351303
93,0.038567595,0.41940001
94,6.3000236,0.34999999
95,20.99345,0.60000002
96,6.9745955,0.43000001
97,10.948459,0.58999997
98,8.002264,0.69999999
99,4.3535438,0.62
100,4.4471564,0.62
101,437.14786,0.56999999
102,14.635686,0.63999999
103,11.350641,0.52999997
104,111.05711,0.47
105,63.498642,0.56999999
106,35.366676,0.40000001
107,26.551521,0.61000001
108,35.721584,0.57999998
109,19.191898,0.55000001
110,23.819191,0.54000002
111,76.046112,0.60000002
112,266.55508,0.68000001
113,62.284222,0.66000003
114,18.120955,0.47
115,8.270277,0.57999998
116,44.326752,0.58999997
117,18.357925,0.36000001
118,27.541126,0.44999999
119,24.378302,0.44999999
120,46.288845,0.60000002
121,14.113183,0.56999999
122,31.136358,0.57999998
123,37.398186,0.5
124,134.2876,0.52999997
125,100.94509,0.66000003
126,86.897667,0.44999999
127,30.111423,0.55000001
128,11.972971,0.5
129,17.461689,0.37
130,22.48781,0.51999998
131,168.96774,0.58999997
132,29.555988,0.56999999
133,18.741255,0.50999999
134,145.41591,0.54000002
135,28.111185,0.62
136,70.98764,0.51999998
137,31.596901,0.47999999
138,51.691811,0.49000001
139,24.328379,0.55000001
140,45.345459,0.56999999
141,22.452831,0.51999998
142,26.294189,0.41999999
143,88.950798,0.34
144,37.745708,0.54000002
145,14.252693,0.5
146,28.781025,0.44999999
147,17.150797,0.37
148,24.14995,0.47
149,24.358044,0.49000001
150,31.473236,0.58999997
151,87.05024,0.64999998
152,18.970785,0.61000001
153,27.762999,0.60000002
154,69.749146,0.57999998
155,51.884277,0.43000001
156,13.469118,0.43000001
157,11.536289,0.60000002
158,14.781766,0.5
159,9.9529877,0.63
160,34.721825,0.5
161,18.716967,0.55000001
162,30.203329,0.36000001
163,17.623316,0.60000002
164,32.573219,0.46000001
165,23.573999,0.67000002
166,74.164307,0.64999998
167,13.286187,0.56
168,495.45096,0.44
169,27.541176,0.47
170,41.422321,0.40000001
171,137.46265,0.63
172,12.443504,0.62
173,11.907385,0.63999999
174,230.48692,0.62
175,29.974768,0.55000001
176,29.227951,0.55000001
177,19.767818,0.56999999
178,41.179974,0.58999997
179,23.074739,0.54000002
180,210.77963,0.56
181,73.825783,0.63999999
182,12.545945,0.34
183,24.244226,0.55000001
184,2022.151,0.23
185,1.4093908,0.44
186,63.8755,0.62
187,134.54018,0.54000002
188,45.813,0.61000001
189,18.529123,0.67000002
190,1446.3224,0.36000001
191,28.888325,0.56999999
192,104.30331,0.61000001
193,153.49811,0.56999999
194,21.52354,0.67000002
195,36.283676,0.38999999
196,39.972385,0.46000001
197,1.694877,0.58999997
198,99.178307,0.66000003
199,106.94806,0.64999998
200,51.892788,0.44999999
201,7.5644021,0.70999998
202,2425.0981,0.36000001
203,69.588799,0.63999999
204,482.39429,0.25
205,12.260875,0.60000002
206,24.520016,0.34
207,127.19533,0.56999999
208,2.3090203,0.72000003
209,4.2461581,0.49000001
210,123.53275,0.38
211,178.64392,0.38999999
212,102.07777,0.52999997
213,3834.2673,0.60000002
214,248.19153,0.63
215,7.8795629,0.62
216,294.89819,0.57999998
217,1450.7804,0.49000001
218,39.636932,0.46000001
219,100.61954,0.55000001
220,727.11243,0.52999997
221,17461.73,0.15000001
222,482.29019,0.52999997
223,80.79451,0.52999997
224,1601.0729,0.28999999
225,148.72319,0.44999999
226,1382.7059,0.34999999
227,575.45911,0.25
228,47.844036,0.67000002
229,3.3292007,0.63999999
230,7.0996542,0.61000001
231,491.12265,0.41999999
232,299.58029,0.31
233,341.67096,0.58999997
234,153.70522,0.67000002
235,20.717813,0.66000003
236,4.4563546,0.55000001
237,89.069412,0.66000003
238,24.682219,0.60000002
239,435.1506,0.50999999
240,196.79591,0.38999999
241,115.62659,0.67000002
242,358.07999,0.47999999
243,21.340919,0.50999999
244,703.93268,0.50999999
245,9.2058735,0.62
246,1.4567335,0.76999998
247,4.3331704,0.62
248,383.6582,0.31999999
249,2016.5339,0.51999998
250,16.928297,0.56
251,0.98015606,0.81
252,22.015537,0.44999999
253,6.0937715,0.49000001
254,2.5653896,0.31999999
255,8.115387,0.67000002
256,5.4135475,0.68000001
257,27.424774,0.69
258,3980.0522,0.28999999
259,1.8182398,0.68000001
260,343.07925,0.67000002
261,31.787306,0.46000001
262,12.582255,0.74000001
263,284.29651,0.67000002
264,31.1919,0.66000003
265,19.103127,0.54000002
266,37.392906,0.41999999
267,7.5329986,0.56
268,4.7393889,0.41
269,0.73455399,0.58999997
270,4.7508683,0.5
271,0.84861702,0.75999999
272,696.51294,0.51999998
273,0.69904327,0.80000001
274,3.888247,0.77999997
275,21.348234,0.43000001
276,30.41338,0.46000001
277,114.70491,0.51999998
278,3.356637,0.47999999
279,1.998768,0.77999997
280,11.298194,0.69999999
281,43.901489,0.67000002
282,1.04143,0.62
283,2.9479651,0.74000001
284,12.455853,0.63
285,18.48245,0.69
286,21.667065,0.68000001
287,14.78395,0.60000002
288,8.514843,0.51999998
289,7.6166987,0.56999999
290,6.5035734,0.74000001
291,16.532,0.30000001
292,7.91401,0.70999998
293,65.820259,0.46000001
294,2.0285814,0.80000001
295,12.703967,0.62
296,9.9378042,0.44
297,2.2399063,0.41
298,1.4325427,0.44
299,5.8748407,0.27000001
300,4.2426982,0.70999998
301,44.789051,0.38999999
302,38.927376,0.68000001
303,1.7532864,0.81
304,63.837334,0.63
305,4.1144786,0.75999999
306,1440.0848,0.47
307,1196.3383,0.40000001
308,205.15652,0.51999998
309,448.73709,0.41999999
310,1400.1863,0.44
311,400.69678,0.41999999
312,366.91452,0.44
313,229.19028,0.46000001
314,267.4841,0.56
315,1254.2262,0.38999999
316,205.57991,0.60000002
317,9765.9238,0.090000004
318,278.61069,0.43000001
319,45.002495,0.77999997
320,215.75455,0.70999998
321,99.732887,0.69999999
322,526.77545,0.57999998
323,1465.4736,0.34999999
324,24.362299,0.63
325,226.28474,0.56
326,240.41513,0.56999999
327,310.6868,0.75999999
328,157.27574,0.64999998
329,86.900772,0.67000002
330,55.388172,0.57999998
331,21.05637,0.69
332,1107.762,0.57999998
333,457.97784,0.64999998
334,188.9129,0.50999999
335,20.722343,0.58999997
336,91.980347,0.30000001
337,49.058163,0.69999999
338,14.153778,0.57999998
339,28.408014,0.66000003
340,28.341576,0.55000001
341,46.155582,0.69999999
342,34.353867,0.58999997
343,357.99661,0.52999997
344,95.990448,0.62
345,1137.4125,0.52999997
346,39.587605,0.76999998
347,268.59833,0.60000002
348,55.622055,0.61000001
349,23.43844,0.44
350,14.643465,0.74000001
351,327.46054,0.60000002
352,730.32117,0.60000002
353,398.52716,0.38
354,35.003307,0.63
355,9.5505743,0.63999999
356,27.321678,0.5
357,429.62134,0.56999999
358,208.09154,0.57999998
359,251.60182,0.56999999
360,1284.9655,0.47
361,73.391411,0.49000001
362,108.31982,0.73000002
363,190.7525,0.77999997
364,51.994785,0.56999999
365,1197.2904,0.5
366,204.71851,0.51999998
367,648.36914,0.38999999
368,633.29565,0.54000002
369,3247.4377,0.5
370,311.25101,0.58999997
371,100.97522,0.58999997
372,307.77164,0.69
373,465.55042,0.47999999
374,149.23308,0.76999998
375,646.95013,0.54000002
376,1340.6835,0.57999998
377,142.34355,0.62
378,58.386658,0.70999998
379,20.539162,0.63999999
380,60.694592,0.73000002
381,449.48108,0.49000001
382,54.091343,0.57999998
383,52.10574,0.73000002
384,41.239532,0.70999998
385,35.419376,0.70999998
386,24.346016,0.67000002
387,37.203148,0.75
388,10.596702,0.47
389,179.29153,0.52999997
390,71.891678,0.79000002
391,444.95007,0.75999999
392,209.42873,0.74000001
393,69.767349,0.60000002
394,37.673542,0.69999999
395,624.3349,0.49000001
396,59.131996,0.70999998
397,35.200191,0.76999998
398,33.13068,0.56999999
399,73.711258,0.74000001
400,101.47462,0.63999999
401,27.450687,0.5
402,130.7097,0.66000003
403,22.50688,0.44
404,76.640739,0.67000002
405,43.260761,0.64999998
406,230.04692,0.69999999
407,394.72955,0.73000002
408,13.736423,0.68000001
409,586.58704,0.5
410,57.893066,0.54000002
411,84.955704,0.63999999
412,507.65912,0.79000002
413,963.16779,0.40000001
414,15.947092,0.38999999
415,1933.5867,0.28999999
416,8.6347504,0.66000003
417,2101.1084,0.62
418,68.238892,0.67000002
419,82.561363,0.70999998
420,389.4902,0.75
421,72.496483,0.63999999
422,287.18057,0.74000001
423,37.660728,0.63999999
424,81.112274,0.62
425,92.695625,0.69999999
426,106.87699,0.81999999
427,48.321125,0.60000002
428,2786.1941,0.27000001
429,39.475422,0.66000003
430,30.083054,0.47999999
431,290.83524,0.41
432,650.79602,0.61000001
433,22.627691,0.58999997
434,10.424967,0.75999999
435,111.68009,0.76999998
436,55.245354,0.60000002
437,33.647377,0.62
438,63.243221,0.64999998
439,59.48307,0.70999998
440,541.93353,0.70999998
441,187.5743,0.68000001
442,772.91351,0.82999998
443,82.599365,0.69999999
444,1955.4343,0.40000001
445,68.014725,0.74000001
446,19.432362,0.80000001
447,181.8793,0.67000002
448,149.89241,0.74000001
449,54.978565,0.62
450,40.545898,0.58999997
451,1867.6011,0.66000003
452,156.78542,0.79000002
453,476.91904,0.77999997
454,19.47879,0.23
455,102.40614,0.75999999
456,64.995728,0.72000003
457,103.6437,0.61000001
458,38.942261,0.69999999
459,605.40045,0.67000002
460,360.22467,0.66000003
461,28.267303,0.69
462,185.60471,0.77999997
463,37.667747,0.67000002
464,40.97065,0.73000002
465,31.229034,0.47
466,24.156178,0.56
467,30.565662,0.63999999
468,70.451332,0.63999999
469,94.956741,0.62
470,45.084972,0.63
471,59.456905,0.63
472,96.719788,0.79000002
473,119.80688,0.47999999
474,37.485668,0.63
475,30.514893,0.66000003
476,211.83965,0.60000002
477,96.769768,0.75
478,84.158089,0.62
479,26.249916,0.52999997
480,33.068508,0.38999999
481,99.45047,0.74000001
482,19.059998,0.56999999
483,45.268856,0.54000002
484,22.00349,0.69
485,46.488277,0.52999997
486,64.264587,0.67000002
487,36.400692,0.68000001
488,53.658817,0.68000001
489,117.94339,0.72000003
490,880.49457,0.47999999
491,361.54874,0.62
492,179.42436,0.72000003
493,32.481621,0.64999998
494,435.99847,0.75999999
495,180.37442,0.52999997
496,134.68373,0.75999999
497,54.129326,0.79000002
498,81.149773,0.76999998
499,135.94479,0.68000001
500,40.000324,0.63
501,59.486835,0.63999999
502,17.546175,0.41999999
503,44.767792,0.69999999
504,16.727005,0.47
505,616.4975,0.43000001
506,647.38843,0.60000002
507,25.804565,0.69
508,23.215681,0.56999999
509,38.203983,0.60000002
510,326.88898,0.63999999
511,143.36958,0.70999998
512,9.936799,0.38999999
513,66.113998,0.5
514,16.161724,0.37
515,9.2738075,0.34999999
516,50.637489,0.72000003
517,22.750635,0.56999999
518,29.000818,0.57999998
519,30.772076,0.49000001
520,84.237938,0.61000001
521,162.07947,0.69
522,76.255493,0.69999999
523,66.061455,0.72000003
524,35.173927,0.61000001
525,156.20251,0.64999998
526,32.353477,0.61000001
527,28.06366,0.47999999
528,65.887665,0.74000001
529,84.646507,0.66000003
530,145.51256,0.72000003
531,265.23785,0.77999997
532,39.803036,0.69
533,20.156065,0.44999999
534,30.689022,0.51999998
535,45.616154,0.70999998
536,10.461209,0.47999999
537,23.545929,0.57999998
538,104.70324,0.77999997
539,323.11325,0.73000002
540,23.389675,0.64999998
541,21.783127,0.55000001
542,22.563749,0.5
543,37.235378,0.69
544,44.149506,0.38
545,1513.2135,0.47999999
546,103.6712,0.38999999
547,125.22214,0.38
548,364.60596,0.61000001
549,2.5795522,0.70999998
550,74.139183,0.62
551,5.9441147,0.81999999
552,11.929352,0.69999999
553,21.323948,0.76999998
554,8.4422836,0.40000001
555,3.9133544,0.70999998
556,23.826748,0.60000002
557,54.23077,0.76999998
558,8.630949,0.69
559,1.2378809,0.76999998
560,1.0316701,0.75999999
561,316.44788,0.75
562,3.9150379,0.83999997
563,8.4544935,0.83999997
564,0.53948861,0.86000001
565,3.2676485,0.69999999
566,0.86083591,0.75
567,9.3645191,0.75
568,19.049223,0.89999998
569,6.7984209,0.86000001
570,29.217335,0.75999999
571,19.745998,0.75
572,1.8221817,0.75
573,22.648512,0.86000001
574,35.446354,0.79000002
575,111.94905,0.66000003
576,35.337292,0.49000001
577,1.7326303,0.75999999
578,7.7967949,0.75
579,3.8530834,0.74000001
580,81.52272,0.92000002
581,25.309923,0.81
582,46.180573,0.62
583,3.5165212,0.83999997
584,1.4617116,0.80000001
585,56.682297,0.75999999
586,5.5024137,0.70999998
587,4.8065333,0.55000001
588,20.732119,0.61000001
589,39.114277,0.74000001
590,2.3725998,0.60000002
591,6.9483404,0.75
592,78.276138,0.66000003
593,33.479706,0.47
594,47.614037,0.55000001
595,192.06087,0.56999999
596,21.563951,0.64999998
597,39.949848,0.55000001
598,19.774168,0.49000001
599,35.453793,0.56
600,36.070667,0.55000001
601,196.29797,0.47999999
602,48.307549,0.58999997
603,33.214157,0.63
604,28.850355,0.67000002
605,76.688042,0.60000002
606,102.43249,0.56999999
607,5590.7251,0.28999999
608,43.813904,0.64999998
609,30.969576,0.64999998
610,169.25331,0.51999998
611,40.329395,0.63
612,45.984043,0.67000002
613,2795.3364,0.54000002
614,29.622086,0.62
615,28.981596,0.72000003
616,71.91143,0.72000003
617,29.218952,0.62
618,28.629406,0.69999999
619,95.400108,0.54000002
620,42.341709,0.46000001
621,17.62282,0.5
622,24.981081,0.58999997
623,115.31473,0.56
624,18.604481,0.58999997
625,23.104067,0.58999997
626,24.437429,0.62
627,19.413324,0.44999999
628,59.904373,0.51999998
629,26.593744,0.72000003
630,98.793625,0.43000001
631,19.275734,0.66000003
632,69.959854,0.60000002
633,61.082413,0.54000002
634,36.584148,0.52999997
635,39.840176,0.68000001
636,983.58301,0.55000001
637,167.29245,0.55000001
638,326.974,0.61000001
639,72.105782,0.44999999
640,1592.1008,0.50999999
641,99.124519,0.50999999
642,44.109425,0.62
643,48.139969,0.58999997
644,36.193188,0.63999999
645,48.170319,0.68000001
646,55.611179,0.50999999
647,531.82562,0.60000002
648,141.69427,0.57999998
649,186.39055,0.54000002
650,55.321259,0.5
651,370.27634,0.47999999
652,68.164345,0.55000001
653,32.901451,0.56999999
654,27.433329,0.54000002
655,62.621834,0.62
656,39.669434,0.67000002
657,29.011236,0.49000001
658,85.595375,0.57999998
659,41.915615,0.52999997
660,61.356609,0.62
661,42.884899,0.62
662,72.922501,0.62
663,299.93448,0.5
664,50.85257,0.54000002
665,37.611755,0.63
666,19.598965,0.63
667,10.761386,0.62
668,30.968294,0.55000001
669,37.604195,0.47999999
670,56.509502,0.54000002
671,43.102444,0.66000003
672,344.05542,0.41999999
673,397.12839,0.44
674,67.146873,0.60000002
675,225.43199,0.58999997
676,15.3894,0.60000002
677,20.696169,0.63999999
678,28.744474,0.63999999
679,20.903805,0.60000002
680,82.485504,0.56999999
681,204.1519,0.57999998
682,43.264507,0.57999998
683,89.054367,0.56
684,53.684818,0.69999999
685,32.089081,0.52999997
686,25.879475,0.63
687,22.823988,0.74000001
688,29.625963,0.62
689,86.103363,0.47999999
690,818.75665,0.51999998
691,153.91319,0.60000002
692,583.37634,0.5
693,73.609245,0.68000001
694,100.94296,0.73000002
695,538.43744,0.63
696,186.9614,0.67000002
697,21.198099,0.69999999
698,79.050499,0.63999999
699,133.11246,0.74000001
700,46.588783,0.62
701,53.059975,0.68000001
702,94.618622,0.68000001
703,289.66055,0.57999998
704,74.193901,0.68000001
705,84.836678,0.70999998
706,34.480389,0.56999999
707,71.100502,0.75
708,165.46532,0.68000001
709,67.307381,0.74000001
710,115.90672,0.68000001
711,292.89178,0.56
712,96.303993,0.69
713,432.28967,0.69999999
714,112.11697,0.61000001
715,502.88177,0.58999997
716,42.588787,0.67000002
717,59.968445,0.69999999
718,54.992023,0.69
719,67.003014,0.62
720,166.16228,0.68000001
721,59.924908,0.63999999
722,701.83191,0.74000001
723,223.22253,0.75
724,77.412788,0.63999999
725,344.29007,0.73000002
726,121.71981,0.63999999
727,282.85342,0.63999999
728,98.739395,0.74000001
729,83.174461,0.68000001
730,58.614025,0.68000001
731,55.04422,0.66000003
732,91.348083,0.60000002
733,74.340446,0.64999998
734,441.9241,0.74000001
735,73.486816,0.63
736,142.32292,0.77999997
737,98.017982,0.70999998
738,994.41833,0.38
739,185.65019,0.49000001
740,102.13644,0.69
741,290.66199,0.58999997
742,2248.2808,0.49000001
743,105.57224,0.68000001
744,29.589214,0.68000001
745,95.84446,0.69999999
746,331.53119,0.44999999
747,75.046928,0.75
748,174.36914,0.74000001
749,34.181995,0.63999999
750,116.82462,0.69
751,68.135696,0.61000001
752,48.956123,0.66000003
753,58.147141,0.66000003
754,37.987831,0.64999998
755,49.324322,0.5
756,36.466019,0.60000002
757,391.27982,0.54000002
758,63.657284,0.64999998
759,31.392099,0.68000001
760,76.694061,0.68000001
761,56.74498,0.64999998
762,61.432339,0.69
763,42.06641,0.72000003
764,585.14984,0.50999999
765,124.08345,0.55000001
766,107.84972,0.70999998
767,50.262611,0.60000002
768,76.072304,0.54000002
769,108.76705,0.64999998
770,47.301407,0.60000002
771,43.742455,0.58999997
772,336.06781,0.58999997
773,61.032703,0.70999998
774,43.578381,0.68000001
775,747.88977,0.58999997
776,62.953506,0.5
777,262.75308,0.52999997
778,78.800491,0.70999998
779,23.270473,0.64999998
780,152.36868,0.64999998
781,53.903843,0.63999999
782,167.38774,0.60000002
783,74.510956,0.74000001
784,46.417912,0.67000002
785,97.940804,0.70999998
786,12.910546,0.56
787,9.2789345,0.56999999
788,22.526283,0.5
789,25.587807,0.51999998
790,13.612227,0.55000001
791,37.317715,0.49000001
792,227.95416,0.44
793,45.623489,0.49000001
794,53.574242,0.51999998
795,36.603428,0.46000001
796,34.101505,0.57999998
797,24.709715,0.58999997
798,16.962202,0.58999997
799,36.313942,0.55000001
800,24.379396,0.63999999
801,31.070435,0.5
802,76.732368,0.44999999
803,19.76779,0.55000001
804,23.812826,0.44999999
805,21.075535,0.47999999
806,29.209667,0.56999999
807,22.422756,0.47
808,70.41066,0.43000001
809,22.979881,0.55000001
810,105.6329,0.57999998
811,17.01375,0.55000001
812,15.477507,0.51999998
813,29.773956,0.52999997
814,98.662018,0.38999999
815,43.623165,0.56
816,153.03969,0.43000001
817,25.877905,0.51999998
818,27.586962,0.49000001
819,31.784084,0.46000001
820,18.096439,0.56999999
821,14.371527,0.60000002
822,16.275311,0.50999999
823,24.232161,0.64999998
824,18.342333,0.55000001
825,26.423666,0.51999998
826,19.341282,0.56999999
827,30.116449,0.54000002
828,22.000135,0.61000001
829,45.873165,0.55000001
830,19.877356,0.43000001
831,21.806538,0.58999997
832,15.663438,0.62
833,26.960571,0.54000002
834,31.014528,0.41999999
835,49.667938,0.47
836,35.539955,0.44
837,213.19687,0.34999999
838,35.39669,0.47999999
839,18.235874,0.56999999
840,15.574416,0.54000002
841,68.510918,0.41999999
842,291.62775,0.44999999
843,27.978413,0.51999998
844,21.319342,0.56
845,19.016138,0.77999997
846,27.460365,0.56999999
847,38.53767,0.63999999
848,58.970001,0.60000002
849,68.596718,0.5
850,34.366165,0.66000003
851,22.99103,0.47999999
852,12.814594,0.50999999
853,17.417889,0.51999998
854,25.469353,0.64999998
855,97.873337,0.47999999
856,24.303846,0.69
857,15.9088,0.69999999
858,28.532751,0.69999999
859,16.457029,0.51999998
860,28.034981,0.63999999
861,12.715899,0.56999999
862,754.26715,0.47
863,94.548454,0.58999997
864,31.490423,0.49000001
865,9.1953001,0.52999997
866,17.46891,0.57999998
867,363.91708,0.47999999
868,20.237633,0.63999999
869,41.990772,0.86000001
870,152.24313,0.47
871,24.091291,0.5
872,11.881195,0.60000002
873,28.843956,0.52999997
874,15.838933,0.57999998
875,81.827843,0.44
876,79.201393,0.52999997
877,37.379135,0.56
878,11.953866,0.55000001
879,53.613148,0.47999999
880,26.474091,0.52999997
881,29.914053,0.49000001
882,117.84518,0.50999999
883,18.852642,0.44
884,21.896843,0.55000001
885,26.248144,0.66000003
886,13.504473,0.64999998
887,37.958725,0.55000001
888,4.049861,0.74000001
889,30.720221,0.74000001
890,23.362549,0.64999998
891,17.39522,0.69999999
892,44.881466,0.69999999
893,3.6061952,0.69999999
894,5.8361878,0.77999997
895,35.877129,0.61000001
896,2.6473572,0.80000001
897,2.135051,0.79000002
898,13.518845,0.79000002
899,12.943768,0.72000003
900,13.395877,0.74000001
901,2.3759599,0.77999997
902,29.864052,0.64999998
903,65.556656,0.51999998
904,3.1951385,0.77999997
905,22.425411,0.72000003
906,19.440201,0.69
907,254.73985,0.41
908,4.93718,0.72000003
909,4.6362314,0.74000001
910,30.822104,0.64999998
911,8.6310215,0.73000002
912,32.320511,0.75
913,30.670971,0.74000001
914,46.07618,0.63999999
915,82.535728,0.63999999
916,2.3147631,0.81999999
917,2.7107179,0.75
918,12.791007,0.79000002
919,6.9110289,0.81
920,1.5861081,0.79000002
921,5.8490767,0.69999999
922,2.6342409,0.79000002
923,7.0710311,0.74000001
924,63.498802,0.63
925,6.9384184,0.85000002
926,2.2164776,0.81
927,20.457783,0.63
928,33.961185,0.62
929,3.364574,0.77999997
930,1138.348,0.61000001
931,4.7861228,0.81
932,8.7693596,0.74000001
933,3.2143123,0.81
934,33.562363,0.58999997
935,2.4288292,0.81
936,162.38193,0.57999998
937,4.3443241,0.75999999
938,15.592897,0.63999999
939,2.3756113,0.81999999
940,39.490215,0.58999997
941,32.083637,0.72000003
942,12.704815,0.73000002
943,11.216235,0.63999999
944,4.5042191,0.81999999
945,53.698502,0.63999999
946,9.0651627,0.77999997
947,53.090187,0.68000001
948,8.5950518,0.67000002
949,4.1525097,0.81999999
950,13.88326,0.74000001
951,28.064812,0.64999998
952,2.63783,0.76999998
953,6.0717006,0.80000001
954,22.891129,0.63999999
955,4.3131413,0.75999999
956,8.2844391,0.79000002
957,8.2288809,0.73000002
958,5.948801,0.79000002
959,23.682867,0.72000003
960,12.658658,0.70999998
961,2.2671688,0.81999999
962,50.507088,0.64999998
963,6.7114935,0.76999998
964,13.871876,0.73000002
965,117.0388,0.61000001
966,5.6104393,0.77999997
967,4.3761759,0.69
968,7.4558034,0.75999999
969,75.546158,0.66000003
970,6.3551793,0.83999997
971,491.1705,0.62
972,35.984631,0.79000002
973,320.57147,0.54000002
974,2.7165546,0.81
975,5.5502882,0.75999999
976,4.1912775,0.75999999
977,5.4819493,0.75
978,3.0985112,0.81999999
979,7.0499005,0.85000002
980,19.874666,0.68000001
981,6.8320642,0.77999997
982,3.2872036,0.73000002
983,8.5856075,0.69999999
984,1.5404915,0.85000002
985,6.3252816,0.77999997
986,2.9352124,0.81999999
987,16.51075,0.74000001
988,6.4721556,0.68000001
989,1024.4071,0.34
990,44.314938,0.75999999
991,54.841934,0.73000002
992,107.51468,0.66000003
993,32.493103,0.56999999
994,85.028946,0.67000002
995,41.57333,0.46000001
996,80.306458,0.61000001
997,481.50735,0.72000003
998,67.69722,0.60000002
999,302.97562,0.52999997
1000,160.87675,0.62
1001,42.579891,0.64999998
1002,31.452383,0.43000001
1003,33.292568,0.64999998
1004,252.95576,0.68000001
1005,31.136776,0.74000001
1006,37.091476,0.63999999
1007,94.103882,0.61000001
1008,583.4422,0.63999999
1009,27.061708,0.61000001
1010,82.275078,0.56
1011,65.199867,0.49000001
1012,37.023239,0.81
1013,112.20895,0.66000003
1014,142.18474,0.62
1015,50.166664,0.74000001
1016,47.620975,0.76999998
1017,25.155947,0.64999998
1018,21.927788,0.73000002
1019,206.30681,0.61000001
1020,39.408768,0.66000003
1021,38.822708,0.28999999
1022,58.515667,0.64999998
1023,1042.2825,0.52999997
1024,41.804905,0.60000002
1025,106.26334,0.37
1026,232.6713,0.50999999
1027,32.610672,0.52999997
1028,83.011154,0.61000001
1029,73.894821,0.72000003
1030,98.264915,0.67000002
1031,67.889748,0.61000001
1032,50.788601,0.70999998
1033,39.87376,0.74000001
1034,109.85074,0.52999997
1035,45.736229,0.56999999
1036,158.87524,0.68000001
1037,66.25927,0.60000002
1038,60.688648,0.63
1039,44.228596,0.63
1040,103.37086,0.56
1041,55.509853,0.63
1042,19.844955,0.60000002
1043,83.854927,0.64999998
1044,38.237988,0.83999997
1045,1873.8418,0.49000001
1046,274.8696,0.69999999
1047,91.101303,0.63999999
1048,980.01434,0.64999998
1049,48.626747,0.36000001
1050,84.376976,0.67000002
1051,51.911884,0.69
1052,132.55215,0.75999999
1053,39.574951,0.57999998
1054,34.9711,0.69
1055,28.470657,0.74000001
1056,69.704819,0.52999997
1057,28.384604,0.69
1058,74.858963,0.68000001
1059,30.365538,0.56999999
1060,48.901894,0.63999999
1061,38.437111,0.54000002
1062,262.44397,0.61000001
1063,41.606461,0.72000003
1064,37.778957,0.57999998
1065,188.92946,0.62
1066,42.548241,0.5
1067,56.254025,0.52999997
1068,102.33366,0.57999998
1069,56.653664,0.66000003
1070,72.075287,0.62
1071,85.90136,0.64999998
1072,32.334793,0.47999999
1073,87.359917,0.67000002
1074,34.593239,0.63999999
1075,34.971947,0.80000001
1076,130.09149,0.55000001
1077,36.96146,0.50999999
1078,65.878975,0.5
1079,103.04595,0.60000002
1080,34.962795,0.56
1081,39.633606,0.63
1082,307.0755,0.69
1083,32.316692,0.64999998
1084,23.317566,0.77999997
1085,53.066463,0.67000002
1086,85.155632,0.52999997
1087,83.08609,0.47
1088,75.310181,0.54000002
1089,91.977982,0.76999998
1090,22.354576,0.61000001
1091,51.976845,0.77999997
1092,81.446609,0.47
1093,68.53994,0.76999998
1094,161.00266,0.62
1095,109.52393,0.67000002
1096,72.056702,0.61000001
1097,95.410484,0.70999998
1098,90.501762,0.69999999
1099,32.557201,0.68000001
1100,29.991877,0.66000003
1101,60.181793,0.62
1102,43.436935,0.58999997
1103,199.31549,0.63
1104,37.44931,0.66000003
1105,45.163452,0.64999998
1106,40.943745,0.57999998
1107,88.180504,0.69999999
1108,31.865088,0.44
1109,131.03766,0.60000002
1110,91.708466,0.63999999
1111,33.533115,0.56
1112,359.55942,0.63
1113,67.538284,0.46000001
1114,51.06813,0.52999997
1115,30.531199,0.70999998
1116,18.169617,0.5
1117,132.84703,0.69999999
1118,287.5567,0.50999999
1119,175.10132,0.57999998
1120,19.717916,0.69999999
1121,5.0146046,0.69
1122,14.865366,0.64999998
1123,21.35816,0.56
1124,27.286575,0.60000002
1125,30.096899,0.55000001
1126,954.33966,0.54000002
1127,19.224564,0.40000001
1128,46.250347,0.55000001
1129,53.186043,0.56999999
1130,31.761736,0.67000002
1131,31.256491,0.74000001
1132,130.58092,0.60000002
1133,52.542503,0.43000001
1134,26.437773,0.66000003
1135,1446.3864,0.62
1136,47.672047,0.62
1137,781.78888,0.63999999
1138,86.368408,0.60000002
1139,22.384447,0.80000001
1140,91.828835,0.58999997
1141,190.31145,0.76999998
1142,18.242678,0.49000001
1143,35.534241,0.57999998
1144,31.267748,0.55000001
1145,1965.3182,0.22
1146,248.14874,0.64999998
1147,24.796343,0.64999998
1148,40.275021,0.47999999
1149,101.27248,0.63999999
1150,23.126837,0.52999997
1151,36.568748,0.63
1152,27.428591,0.69999999
1153,87.422585,0.66000003
1154,181.95888,0.62
1155,25.83737,0.41
1156,85.539467,0.41
1157,215.1077,0.46000001
1158,99.419586,0.5
1159,70.57753,0.52999997
1160,82.923325,0.56999999
1161,271.02319,0.75
1162,150.19139,0.62
1163,9.3098059,0.49000001
1164,87.089317,0.64999998
1165,25.733761,0.69999999
1166,47.829193,0.61000001
1167,35.091496,0.72000003
1168,68.206566,0.62
1169,68.115646,0.60000002
1170,118.39772,0.54000002
1171,31.522156,0.74000001
1172,37.080826,0.56
1173,16.129642,0.67000002
1174,226.54665,0.44
1175,10.715363,0.47
1176,333.40036,0.40000001
1177,17.513748,0.43000001
1178,33.663204,0.43000001
1179,139.57182,0.44999999
1180,111.57813,0.43000001
1181,75.825394,0.47
1182,27.066359,0.44999999
1183,44.002079,0.49000001
1184,4.2345085,0.52999997
1185,143.32864,0.44999999
1186,12.975169,0.47999999
1187,52.467422,0.46000001
1188,12.500404,0.5
1189,203.72665,0.44999999
1190,170.49544,0.63999999
1191,1253.093,0.56
1192,1319.464,0.47
1193,414.604,0.57999998
1194,104.22595,0.64999998
1195,378.71194,0.69999999
1196,289.5322,0.60000002
1197,308.51559,0.49000001
1198,57.472111,0.57999998
1199,343.92609,0.60000002
1200,45.612663,0.73000002
1201,550.73132,0.63
1202,1118.4142,0.44999999
1203,72.457184,0.52999997
1204,1960.7843,0.33000001
1205,1719.2109,0.17
1206,128.84834,0.66000003
1207,285.11755,0.63
1208,79.33316,0.54000002
1209,134.73386,0.60000002
1210,318.48621,0.63999999
1211,249.81242,0.58999997
1212,103.8,0.61000001
1213,7888.4463,0.17
1214,559.14838,0.44
1215,138.82277,0.25999999
1216,984.59882,0.34999999
1217,153.92325,0.25999999
1218,1483.1854,0.41
1219,102.24378,0.30000001
1220,761.76898,0.38
1221,294.96304,0.28999999
1222,1827.6658,0.34999999
1223,236.81238,0.36000001
1224,1667.4958,0.38999999
1225,754.09436,0.44999999
1226,12878.188,0.23
1227,531.1745,0.41999999
1228,16.444901,0.55000001
1229,10.117331,0.49000001
1230,137.10429,0.63
1231,51.012802,0.5
1232,49.973057,0.62
1233,43.866295,0.5
1234,9.5177307,0.54000002
1235,105.07161,0.62
1236,241.83447,0.44999999
1237,53.614388,0.54000002
1238,281.03677,0.55000001
1239,88.167015,0.60000002
1240,191.35451,0.50999999
1241,101.43668,0.56999999
1242,61.884655,0.57999998
1243,36.481327,0.56
1244,24.810675,0.55000001
1245,53.112583,0.5
1246,122.30645,0.57999998
1247,25.447796,0.56
1248,31.553171,0.5
1249,34.829323,0.56999999
1250,184.03047,0.52999997
1251,71.927238,0.58999997
1252,662.94006,0.38999999
1253,50.757397,0.50999999
1254,14.462817,0.47
1255,185.63402,0.58999997
1256,73.576462,0.56999999
1257,76.230331,0.63
1258,34.923695,0.56
1259,38.535976,0.55000001
1260,496.49313,0.41
1261,109.16342,0.60000002
1262,47.015911,0.51999998
1263,9.9738073,0.5
1264,116.97572,0.47999999
1265,226.194,0.56
1266,442.11234,0.47999999
1267,30.107876,0.61000001
1268,710.50311,0.58999997
1269,4.2608252,0.54000002
1270,19.25507,0.47999999
1271,137.53203,0.57999998
1272,62.843468,0.56
1273,133.02696,0.55000001
1274,322.1651,0.63
1275,7.2174983,0.62
1276,10.367244,0.56
1277,1730.5604,0.5
1278,44.957027,0.49000001
1279,36.079716,0.44999999
1280,57.833015,0.56
1281,75.176399,0.55000001
1282,22.969351,0.51999998
1283,158.38248,0.56
1284,26.18104,0.68000001
1285,277.1203,0.50999999
1286,88.600929,0.56
1287,18.432255,0.58999997
1288,341.67197,0.44
1289,57.796593,0.58999997
1290,1381.6537,0.49000001
1291,51.025242,0.54000002
1292,37.628654,0.50999999
1293,5.008635,0.54000002
1294,40.112583,0.58999997
1295,15.410565,0.57999998
1296,45.50066,0.61000001
1297,463.10464,0.72000003
1298,20.355324,0.52999997
1299,47.337936,0.50999999
1300,247.30138,0.46000001
1301,231.32069,0.54000002
1302,122.53386,0.61000001
1303,43.644001,0.61000001
1304,6.8983431,0.50999999
1305,129.94539,0.52999997
1306,68.184418,0.54000002
1307,128.06023,0.51999998
1308,489.56741,0.34999999
1309,3135.7839,0.30000001
1310,55.797329,0.58999997
1311,8.6000204,0.5
1312,782.76038,0.52999997
1313,24.477667,0.57999998
1314,17.702675,0.47999999
1315,98.445656,0.55000001
1316,10.566519,0.47999999
1317,81.091713,0.47999999
1318,41.912766,0.61000001
1319,39.899807,0.36000001
1320,257.97244,0.63
1321,14.142573,0.56
1322,21.14097,0.47
1323,121.21945,0.56
1324,54.305981,0.51999998
1325,8.2858324,0.56
1326,3.7722192,0.44999999
1327,17.368914,0.56
1328,62.939007,0.56999999
1329,696.12451,0.5
1330,44.987076,0.56999999
1331,57.36834,0.57999998
1332,20.327061,0.55000001
1333,24.195009,0.49000001
1334,43.810349,0.43000001
1335,60.448124,0.50999999
1336,10.678892,0.5
1337,2077.2129,0.38999999
1338,34.462379,0.50999999
1339,20.211285,0.56999999
1340,89.831184,0.57999998
1341,16.782743,0.44
1342,15.371416,0.51999998
1343,30.28779,0.55000001
1344,51.658295,0.55000001
1345,3.9869545,0.49000001
1346,4.2316184,0.47999999
1347,9.2957582,0.46000001
1348,5.0544028,0.38999999
1349,2.9922018,0.60000002
1350,62.562012,0.54000002
1351,10.65676,0.51999998
1352,35.109093,0.56999999
1353,75.093307,0.62
1354,9.0354948,0.44999999
1355,5.1821365,0.56999999
1356,28.540415,0.56999999
1357,38.048382,0.56
1358,45.926128,0.55000001
1359,29.242382,0.57999998
1360,53.710621,0.38
1361,11.947248,0.54000002
1362,71.24585,0.49000001
1363,28.736933,0.56
1364,7.3664508,0.47
1365,220.45911,0.51999998
1366,28.584,0.61000001
1367,22.451025,0.54000002
1368,20.104277,0.47999999
1369,20.075727,0.61000001
1370,15.619393,0.56
1371,16.219095,0.49000001
1372,3250.0176,0.36000001
1373,9.684782,0.52999997
1374,17.578201,0.60000002
1375,15.991129,0.52999997
1376,126.0589,0.44999999
1377,19.649406,0.60000002
1378,9.570446,0.68000001
1379,31.768963,0.34
1380,369.91275,0.58999997
1381,201.31056,0.61000001
1382,25.354668,0.58999997
1383,110.78699,0.55000001
1384,85.613251,0.56
1385,17.1315,0.50999999
1386,14.556238,0.43000001
1387,25.338131,0.56999999
1388,6.2237844,0.5
1389,41.683174,0.51999998
1390,24.801081,0.58999997
1391,44.349571,0.56
1392,592.17676,0.50999999
1393,25.113115,0.52999997
1394,8.3360949,0.64999998
1395,78.933037,0.46000001
1396,184.4968,0.61000001
1397,13.017923,0.5
1398,66.749084,0.44999999
1399,89.578964,0.61000001
1400,17.870066,0.57999998
1401,26.872944,0.61000001
1402,19.619509,0.46000001
1403,41.956718,0.36000001
1404,24.588346,0.64999998
1405,16.373203,0.66000003
1406,37.249928,0.5
1407,21.529469,0.66000003
1408,22.094759,0.18000001
1409,24.891973,0.68000001
1410,50.719601,0.47999999
1411,48.607601,0.34999999
1412,37.463203,0.56
1413,49.648373,0.61000001
1414,332.14401,0.72000003
1415,173.77196,0.61000001
1416,14.743312,0.63999999
1417,47.420822,0.77999997
1418,20.134144,0.73000002
1419,54.638306,0.57999998
1420,85.896362,0.69999999
1421,311.87079,0.63
1422,284.90021,0.40000001
1423,26.838625,0.23
1424,23.461512,0.34
1425,3.9025524,0.44999999
1426,43.208149,0.69999999
1427,182.86122,0.69
1428,26.538265,0.47999999
1429,17.189495,0.18000001
1430,30.712009,0.46000001
1431,97.685982,0.72000003
1432,12.834586,0.46000001
1433,69.678375,0.57999998
1434,100.54983,0.80000001
1435,112.43479,0.64999998
1436,30.903704,0.63
1437,39.697479,0.60000002
1438,182.1953,0.66000003
1439,58.390648,0.37
1440,59.466797,0.69
1441,118.77061,0.56
1442,129.8223,0.63999999
1443,47.445988,0.67000002
1444,52.242165,0.41
1445,48.293976,0.60000002
1446,27.354399,0.55000001
1447,53.161591,0.75
1448,39.042755,0.73000002
1449,16.740358,0.28
1450,97.31926,0.56
1451,51.512943,0.5
1452,71.315002,0.75999999
1453,18.596149,0.74000001
1454,97.420082,0.51999998
1455,58.807446,0.75
1456,61.960297,0.66000003
1457,20.726809,0.40000001
1458,184.79153,0.79000002
1459,48.172417,0.63
1460,12.672108,0.36000001
1461,47.424034,0.68000001
1462,24.888069,0.77999997
1463,37.315376,0.72000003
1464,42.678619,0.34999999
1465,19.6266,0.44
1466,67.585709,0.61000001
1467,47.304573,0.67000002
1468,44.878384,0.64999998
1469,22.945896,0.30000001
1470,65.625816,0.73000002
1471,37.865788,0.61000001
1472,82.124268,0.57999998
1473,75.43792,0.38999999
1474,25.488569,0.63
1475,23.318729,0.73000002
1476,14.988806,0.36000001
1477,31.812168,0.56999999
1478,29.484928,0.55000001
1479,30.431265,0.51999998
1480,44.329414,0.56
1481,39.183517,0.62
1482,11.080963,0.68000001
1483,36.872238,0.58999997
1484,46.05661,0.69
1485,20.843079,0.75999999
1486,19.754475,0.58999997
1487,26.166813,0.62
1488,19.075588,0.69999999
1489,228.14438,0.5
1490,219.30539,0.51999998
1491,59.453308,0.70999998
1492,21.335022,0.61000001
1493,52.128185,0.62
1494,62.131474,0.67000002
1495,127.81641,0.69
1496,13.724915,0.67000002
1497,11.564611,0.64999998
1498,143.3266,0.62
1499,28.457787,0.68000001
1500,10.046688,0.56
1501,137.53616,0.70999998
1502,14.048582,0.50999999
1503,576.15527,0.52999997
1504,50.152592,0.55000001
1505,191.64427,0.67000002
1506,30.614412,0.67000002
1507,32.207973,0.61000001
1508,14.920229,0.72000003
1509,30.721476,0.66000003
1510,14.247743,0.62
1511,28.552637,0.63
1512,19.961807,0.69
1513,16.706526,0.70999998
1514,56.887577,0.57999998
1515,109.73319,0.57999998
1516,28.993525,0.66000003
1517,12.426707,0.63
1518,399.46783,0.62
1519,23.053253,0.66000003
1520,12.09302,0.67000002
1521,31.567978,0.57999998
1522,22.334106,0.56999999
1523,10.539853,0.69
1524,21.164396,0.58999997
1525,41.952442,0.68000001
1526,18.034277,0.52999997
1527,1166.7604,0.41
1528,184.73175,0.70999998
1529,333.5069,0.5
1530,63.408554,0.61000001
1531,7.8721471,0.61000001
1532,46.264694,0.70999998
1533,51.75811,0.60000002
1534,61.408375,0.70999998
1535,19.38785,0.62
1536,84.554871,0.56999999
1537,20.320721,0.57999998
1538,26.63122,0.63
1539,42.74789,0.69999999
1540,19.108725,0.62
1541,24.844433,0.58999997
1542,16.71505,0.63999999
1543,64.940933,0.63
1544,7.6512189,0.66000003
1545,41.836708,0.72000003
1546,32.10886,0.55000001
1547,36.329674,0.70999998
1548,13.92144,0.61000001
1549,21.765259,0.62
1550,34.359871,0.63999999
1551,25.781292,0.52999997
1552,89.590477,0.72000003
1553,25.24469,0.62
1554,13.003489,0.58999997
1555,22.373938,0.75
1556,12.551405,0.64999998
1557,36.896801,0.5
1558,39.705647,0.68000001
1559,60.484154,0.66000003
1560,62.78944,0.63
1561,27.356377,0.54000002
1562,215.75327,0.56
1563,48.063099,0.69
1564,84.927422,0.70999998
1565,9.189086,0.68000001
1566,20.454439,0.58999997
1567,52.871647,0.63999999
1568,41.017445,0.52999997
1569,7.6454825,0.56
1570,21.279942,0.64999998
1571,634.10724,0.58999997
1572,13.708591,0.62
1573,34.917168,0.47
1574,142.13374,0.52999997
1575,1954.3092,0.44999999
1576,30.204487,0.54000002
1577,13.460314,0.55000001
1578,10.954124,0.62
1579,97.040451,0.64999998
1580,8.3290825,0.60000002
1581,12.626389,0.64999998
1582,35.144714,0.69999999
1583,67.837593,0.69
1584,10.500054,0.61000001
1585,75.942978,0.69999999
1586,20.841959,0.66000003
1587,24.181219,0.63999999
1588,72.997864,0.58999997
1589,32.122425,0.50999999
1590,16.28311,0.63
1591,61.606293,0.68000001
1592,7.5566564,0.61000001
1593,26.253214,0.73000002
1594,5758.4619,0.19
1595,1.6195422,0.72000003
1596,2.6057062,0.47
1597,1.5344831,0.50999999
1598,4.0231705,0.75
1599,4.7636929,0.63
1600,0.35992691,0.88
1601,30.459942,0.56999999
1602,1.30045,0.64999998
1603,2.957607,0.64999998
1604,1.1941776,0.68000001
1605,3.6061957,0.63999999
1606,11.9298,0.38
1607,1.6817561,0.79000002
1608,2.5829837,0.72000003
1609,17.579065,0.67000002
1610,34.669407,0.56
1611,0.25128201,0.89999998
1612,4.5246329,0.40000001
1613,0.89934254,0.75999999
1614,1.6666242,0.70999998
1615,5.7423782,0.52999997
1616,6.9236693,0.66000003
1617,1.0968812,0.73000002
1618,19.149483,0.57999998
1619,17.897352,0.55000001
1620,1.2225837,0.70999998
1621,5.180934,0.69999999
1622,0.6145637,0.69999999
1623,2.0791626,0.73000002
1624,0.79772055,0.72000003
1625,3.1422644,0.68000001
1626,41.810787,0.46000001
1627,2.4636517,0.74000001
1628,5.6883163,0.57999998
1629,0.2660372,0.77999997
1630,0.76737964,0.76999998
1631,3.5785112,0.64999998
1632,0.50467402,0.82999998
1633,3.0477986,0.69999999
1634,0.63804632,0.74000001
1635,16.886976,0.67000002
1636,4.468617,0.72000003
1637,4.3738289,0.44
1638,1.8470312,0.55000001
1639,4.0171285,0.67000002
1640,1.934296,0.56999999
1641,45.870296,0.40000001
1642,4.8944674,0.73000002
1643,1.9767299,0.75999999
1644,2.6788559,0.66000003
1645,2.6955152,0.68000001
1646,0.62521452,0.72000003
1647,1.3759409,0.62
1648,1.4363091,0.72000003
1649,1.0086437,0.73000002
1650,54.948212,0.62
1651,59.14719,0.69
1652,7.7614169,0.81
1653,0.4738813,0.89999998
1654,0.86704004,0.87
1655,0.64439607,0.88999999
1656,7.903141,0.80000001
1657,10.128411,0.66000003
1658,3.8200238,0.79000002
1659,2.5072076,0.81999999
1660,47.328804,0.75999999
1661,14.047207,0.63999999
1662,14.393716,0.72000003
1663,45.575336,0.67000002
1664,11.29655,0.75
1665,4.0525661,0.83999997
1666,0.91837579,0.81999999
1667,8.1247673,0.80000001
1668,10.828346,0.75999999
1669,25.008289,0.70999998
1670,15.965007,0.76999998
1671,4.1868086,0.81
1672,78.283974,0.52999997
1673,6.2560835,0.69999999
1674,24.756126,0.76999998
1675,4.1805525,0.77999997
1676,13.20148,0.67000002
1677,66.692368,0.66000003
1678,1541.4891,0.57999998
1679,2.1274977,0.81
1680,10.342435,0.72000003
1681,5.3635736,0.75
1682,2.5817044,0.79000002
1683,6.3446441,0.79000002
1684,26.485815,0.63
1685,1.020301,0.81999999
1686,2.9980984,0.79000002
1687,4.024663,0.80000001
1688,0.72144032,0.88999999
1689,3.9501345,0.69
1690,105.21104,0.69
1691,17.068989,0.77999997
1692,5.8503971,0.76999998
1693,1.3448061,0.88
1694,3.9519513,0.79000002
1695,4.1493654,0.81999999
1696,1.0025431,0.85000002
1697,11.314049,0.68000001
1698,12.631432,0.64999998
1699,13.497957,0.61000001
1700,12.518676,0.77999997
1701,7.3120766,0.81
1702,1.0371311,0.81
1703,3.7573957,0.79000002
1704,7.5605597,0.73000002
1705,335.60303,0.56
1706,13.911992,0.68000001
1707,1.282678,0.82999998
1708,1.1602415,0.81
1709,0.56811434,0.82999998
1710,60.263794,0.77999997
1711,15.810195,0.75999999
1712,3.4493415,0.76999998
1713,7.8401694,0.70999998
1714,16.750345,0.69999999
1715,7.5334344,0.75999999
1716,24.710608,0.68000001
1717,6.0569267,0.66000003
1718,3.1352754,0.81999999
1719,16.726948,0.81999999
1720,12.517271,0.82999998
1721,47.952347,0.80000001
1722,11.5738,0.79000002
1723,14.862123,0.79000002
1724,14.685708,0.68000001
1725,1.496344,0.83999997
1726,24.111086,0.55000001
1727,638.21985,0.69
1728,26.6045,0.68000001
1729,49.866489,0.72000003
1730,28.674927,0.70999998
1731,2.1564596,0.81999999
1732,5.0915275,0.64999998
1733,0.61986202,0.83999997
1734,14.682652,0.79000002
1735,8.7076235,0.72000003
1736,0.79257864,0.85000002
1737,18.552,0.47999999
1738,7.2310195,0.75
1739,50.495918,0.70999998
1740,20.857622,0.73000002
1741,5.9680982,0.69999999
1742,1.3265735,0.81
1743,24.036882,0.79000002
1744,5.0510449,0.72000003
1745,240.55037,0.47
1746,64.047333,0.63999999
1747,2.7880504,0.77999997
1748,0.17444615,0.75999999
1749,0.40879589,0.76999998
1750,1.8926371,0.73000002
1751,0.93908745,0.77999997
1752,0.45083478,0.76999998
1753,26.40383,0.64999998
1754,1.2410803,0.56999999
1755,2.4375832,0.57999998
1756,1.0413219,0.69999999
1757,16.856897,0.57999998
1758,65.405586,0.50999999
1759,1.0351532,0.68000001
1760,384.89334,0.56999999
1761,152.90074,0.55000001
1762,51.252998,0.51999998
1763,108.91354,0.40000001
1764,17.489027,0.47999999
1765,50.364437,0.43000001
1766,463.17215,0.50999999
1767,159.53148,0.47
1768,430.63464,0.51999998
1769,335.14661,0.44
1770,79.445305,0.47
1771,484.27124,0.47
1772,3823.061,0.47
1773,554.46552,0.46000001
1774,2329.6611,0.37
1775,376.5528,0.56999999
1776,322.39111,0.46000001
1777,6095.3691,0.28999999
1778,892.83624,0.47
1779,12806.803,0.31999999
1780,302.44543,0.60000002
1781,1620.9606,0.38
1782,2553.0737,0.43000001
1783,1364.8085,0.55000001
1784,1041.634,0.57999998
1785,901.61816,0.60000002
1786,2654.0703,0.44
1787,196.34781,0.52999997
1788,1072.8026,0.51999998
1789,289.91183,0.63999999
1790,5096.6318,0.41
1791,306.3652,0.61000001
1792,551.03577,0.47
1793,0.4969826,0.72000003
1794,10.479896,0.68000001
1795,5.9560971,0.46000001
1796,3.3903925,0.51999998
1797,31.585072,0.75
1798,0.78240901,0.70999998
1799,54.218288,0.47999999
1800,12.602994,0.64999998
1801,7.5400629,0.46000001
1802,1.3994976,0.40000001
1803,0.31194964,0.58999997
1804,1.4676548,0.55000001
1805,13.711038,0.79000002
1806,4.3502669,0.67000002
1807,165.29333,0.51999998
1808,9.1208057,0.55000001
1809,12.941202,0.36000001
1810,2.5555422,0.33000001
1811,9.5376129,0.68000001
1812,3.101645,0.64999998
1813,6.9444447,0.34
1814,7.6851292,0.69999999
1815,33.965092,0.50999999
1816,22.5119,0.66000003
1817,6.0044012,0.27000001
1818,77.274658,0.28
1819,3.0826039,0.61000001
1820,2.7220752,0.47
1821,14.300764,0.25
1822,4.92554,0.62
1823,0.99660468,0.76999998
1824,68.294449,0.56
1825,569.84784,0.37
1826,47.71505,0.63999999
1827,33247.363,0.17
1828,275.35889,0.47
1829,60.838173,0.58999997
1830,114.72551,0.49000001
1831,125.70336,0.52999997
1832,216.40738,0.55000001
1833,56.599258,0.54000002
1834,78.558235,0.44999999
1835,96.924187,0.46000001
1836,96.058861,0.50999999
1837,31.467678,0.56
1838,366.22235,0.50999999
1839,870.7511,0.41
1840,20.973942,0.51999998
1841,30.814833,0.46000001
1842,110.95682,0.56999999
1843,117.11586,0.61000001
1844,75.565117,0.57999998
1845,2.8615556,0.67000002
1846,44.099911,0.56999999
1847,93.317726,0.55000001
1848,36358.07,0.23999999
1849,20.50849,0.57999998
1850,99.45929,0.58999997
1851,106.66061,0.55000001
1852,1112.8617,0.47999999
1853,120.09436,0.52999997
1854,4734.7988,0.47
1855,70939.469,0.17
1856,410.28363,0.49000001
1857,190.51985,0.55000001
1858,582.79773,0.44
1859,163.95554,0.56
1860,469.8201,0.55000001
1861,107.4385,0.62
1862,127.32272,0.50999999
1863,61.430302,0.5
1864,429.19281,0.56999999
1865,21116.969,0.27000001
1866,237.84337,0.47999999
1867,8408.6592,0.56
1868,1722.9636,0.5
1869,40.853115,0.43000001
1870,271.07303,0.52999997
1871,738.31531,0.46000001
1872,50.68792,0.58999997
1873,56.950417,0.57999998
1874,104.7942,0.51999998
1875,69.330093,0.63999999
1876,1664.6331,0.49000001
1877,78.196175,0.49000001
1878,96.519707,0.57999998
1879,213.79852,0.33000001
1880,161.06854,0.43000001
1881,75.948013,0.55000001
1882,75.113892,0.55000001
1883,151.09052,0.60000002
1884,2208.6621,0.40000001
1885,69.821259,0.64999998
1886,72.381416,0.58999997
1887,349.67871,0.61000001
1888,141.34943,0.69999999
1889,46.724911,0.60000002
1890,47.136108,0.41
1891,60.573208,0.62
1892,72.598015,0.75
1893,56.057789,0.63999999
1894,27.66761,0.38
1895,36.966133,0.5
1896,125.24889,0.60000002
1897,352.82855,0.5
1898,176.71913,0.62
1899,472.63373,0.67000002
1900,169.45329,0.68000001
1901,40.427628,0.64999998
1902,123.92828,0.69
1903,54.169628,0.51999998
1904,397.84433,0.67000002
1905,94.854965,0.5
1906,57.793701,0.67000002
1907,85.636337,0.55000001
1908,48.127171,0.66000003
1909,213.66295,0.61000001
1910,57.878704,0.50999999
1911,139.08138,0.62
1912,482.91599,0.51999998
1913,92.534851,0.67000002
1914,89.410995,0.60000002
1915,287.20871,0.70999998
1916,156.19284,0.74000001
1917,65.030182,0.57999998
1918,929.00519,0.31999999
1919,102.67392,0.38999999
1920,878.0332,0.54000002
1921,122.12437,0.55000001
1922,586.60638,0.68000001
1923,34.550083,0.47
1924,27.3944,0.68000001
1925,108.52411,0.50999999
1926,77.837517,0.58999997
1927,739.67505,0.49000001
1928,75.248466,0.41
1929,194.55205,0.63999999
1930,103.1474,0.56
1931,277.18835,0.64999998
1932,65.909332,0.36000001
1933,115.40457,0.47
1934,8.5036592,0.54000002
1935,274.77725,0.68000001
1936,75.178207,0.51999998
1937,212.82306,0.68000001
1938,21.342381,0.57999998
1939,235.08032,0.61000001
1940,141.01968,0.56
1941,254.5023,0.68000001
1942,99.592468,0.66000003
1943,64.346306,0.63
1944,45.485291,0.55000001
1945,50.603352,0.50999999
1946,1736.0486,0.47999999
1947,70.605659,0.73000002
1948,56.438274,0.56999999
1949,124.91562,0.63999999
1950,175.36264,0.57999998
1951,980.65186,0.56
1952,37.533623,0.36000001
1953,225.6911,0.69
1954,322.83826,0.31999999
1955,36.866879,0.61000001
1956,183.26311,0.47999999
1957,60.158062,0.58999997
1958,51.519615,0.60000002
1959,96.013115,0.58999997
1960,244.11082,0.52999997
1961,80.953018,0.56999999
1962,180.54108,0.74000001
1963,96.987419,0.47999999
1964,136.54477,0.47
1965,162.86423,0.61000001
1966,275.36505,0.67000002
1967,112.41462,0.66000003
1968,67.38929,0.56999999
1969,113.71669,0.44999999
1970,151.355,0.69999999
1971,102.13837,0.69999999
1972,135.12289,0.68000001
1973,25.381508,0.50999999
1974,79.819763,0.60000002
1975,10.45877,0.54000002
1976,311.66501,0.69999999
1977,169.83543,0.44
1978,1078.4807,0.50999999
1979,45.311195,0.34999999
1980,36.87899,0.44999999
1981,145.52861,0.52999997
1982,205.96704,0.62
1983,87.89782,0.70999998
1984,211.14342,0.52999997
1985,112.39026,0.76999998
1986,59.362339,0.51999998
1987,2.263355,0.70999998
1988,7.2088103,0.61000001
1989,5.0050702,0.44999999
1990,0.7182498,0.80000001
1991,3.8068161,0.67000002
1992,2.6057465,0.75
1993,1.6664718,0.69
1994,48.877926,0.68000001
1995,81.201363,0.58999997
1996,2.4851205,0.62
1997,4.6127319,0.67000002
1998,1.5569313,0.58999997
1999,1.6744634,0.66000003
2000,3.6310601,0.54000002
2001,2.2505054,0.69
2002,5.1306596,0.69
2003,1.6177806,0.77999997
2004,46.191212,0.56999999
2005,1.4082878,0.76999998
2006,3.3112161,0.63
2007,2.0693274,0.69999999
2008,1.6294217,0.66000003
2009,3.4066234,0.68000001
2010,1.899982,0.75
2011,2.7602715,0.62
2012,2.6476784,0.73000002
2013,2.1148658,0.69
2014,3.9384725,0.63
2015,7.5304475,0.70999998
2016,13.738482,0.66000003
2017,3.7232728,0.5
2018,3.1875846,0.57999998
2019,2.2708364,0.70999998
2020,6.6073623,0.63999999
2021,3.9201508,0.67000002
2022,9.4864645,0.60000002
2023,6.3749862,0.51999998
2024,2.5458236,0.64999998
2025,11.183174,0.63999999
2026,15.288314,0.34
2027,4.600852,0.51999998
2028,1.2636982,0.76999998
2029,3.8414433,0.28
2030,0.53286695,0.77999997
2031,17.073418,0.69
2032,2.4524083,0.47999999
2033,9.2117462,0.63999999
2034,2.1560643,0.54000002
2035,9.1288071,0.60000002
2036,8.4244719,0.62
2037,28.32354,0.66000003
2038,3.2188108,0.64999998
2039,9.8775291,0.69999999
2040,48.026318,0.63999999
2041,258.03732,0.66000003
2042,129.70665,0.64999998
2043,143.45282,0.46000001
2044,124.371,0.36000001
2045,116.38293,0.74000001
2046,126.66977,0.47
2047,89.48082,0.63999999
2048,777.24658,0.66000003
2049,72.310493,0.55000001
2050,92.666138,0.62
2051,349.30151,0.50999999
2052,434.44324,0.70999998
2053,104.79485,0.69999999
2054,202.31117,0.51999998
2055,63.408798,0.56999999
2056,107.93705,0.63999999
2057,2782.4202,0.33000001
2058,86.38575,0.69999999
2059,93.47258,0.62
2060,381.33859,0.66000003
2061,301.96133,0.46000001
2062,284.51569,0.63
2063,69.154564,0.63
2064,2130.3723,0.44999999
2065,104.2374,0.62
2066,65.476761,0.61000001
2067,245.40759,0.60000002
2068,385.228,0.61000001
2069,76.745918,0.56
2070,2099.0071,0.52999997
2071,140.2791,0.69999999
2072,67.655983,0.63
2073,37.836472,0.52999997
2074,68.782219,0.66000003
2075,76.232651,0.66000003
2076,68.390625,0.52999997
2077,98.947495,0.75
2078,121.47395,0.57999998
2079,79.566193,0.60000002
2080,165.258,0.47
2081,113.13678,0.63
2082,1037.5221,0.50999999
2083,137.91164,0.56
2084,230.86212,0.62
2085,101.61003,0.68000001
2086,620.72485,0.43000001
2087,1361.3529,0.40000001
2088,91.39563,0.63999999
2089,570.10645,0.37
2090,162.57596,0.58999997
2091,412.84741,0.56999999
2092,53.182991,0.57999998
2093,87.781288,0.75
2094,248.76057,0.66000003
2095,30.859943,0.44
2096,1153.5405,0.49000001
2097,34.2094,0.56
2098,85.278282,0.63999999
2099,127.71694,0.56999999
2100,35.867168,0.58999997
2101,160.59822,0.51999998
2102,45.630024,0.63
2103,86.288399,0.51999998
2104,109.05121,0.62
2105,62.792477,0.51999998
2106,319.92932,0.46000001
2107,97.50827,0.64999998
2108,71.046677,0.75999999
2109,250.54541,0.60000002
2110,110.35785,0.54000002
2111,146.81004,0.56
2112,124.67436,0.51999998
2113,101.98551,0.58999997
2114,119.70035,0.70999998
2115,658.63965,0.49000001
2116,1314.2107,0.43000001
2117,340.89944,0.38
2118,160.57262,0.56
2119,111.99562,0.69999999
2120,69.487694,0.72000003
2121,31.945518,0.55000001
2122,527.27167,0.72000003
2123,96.116638,0.57999998
2124,205.67348,0.61000001
2125,89.666618,0.64999998
2126,203.10374,0.52999997
2127,55.210262,0.66000003
2128,37.968132,0.66000003
2129,6.3243523,0.81999999
2130,14.819736,0.62
2131,2.9046104,0.88
2132,23.414639,0.74000001
2133,13.580962,0.72000003
2134,44.875809,0.60000002
2135,23.77557,0.62
2136,121.89207,0.76999998
2137,58.662937,0.64999998
2138,61.287178,0.52999997
2139,19.216133,0.55000001
2140,1.4332089,0.87
2141,456.22742,0.66000003
2142,11.30022,0.54000002
2143,105.88538,0.63999999
2144,9.8658733,0.66000003
2145,19.91769,0.61000001
2146,73.512741,0.64999998
2147,27.082258,0.74000001
2148,54.755959,0.63999999
2149,4.4034142,0.81999999
2150,3.1932921,0.81
2151,55.676968,0.75999999
2152,33.577011,0.67000002
2153,46.912651,0.69999999
2154,4.3145795,0.76999998
2155,9.1185217,0.68000001
2156,5.2861652,0.69999999
2157,3.2502501,0.83999997
2158,21.477219,0.55000001
2159,17.129562,0.56999999
2160,31.60553,0.75999999
2161,8.3281279,0.58999997
2162,16.241947,0.61000001
2163,50.190212,0.69999999
2164,15.92909,0.85000002
2165,8.9704266,0.64999998
2166,14.706962,0.56999999
2167,31.47575,0.61000001
2168,33.619877,0.72000003
2169,52.79171,0.69999999
2170,17.703339,0.60000002
2171,58.223385,0.73000002
2172,18.015869,0.67000002
2173,31.936789,0.50999999
2174,7.5139012,0.85000002
2175,40.457443,0.62
2176,61.061569,0.58999997
2177,30.986031,0.63
2178,87.746437,0.55000001
2179,14.960999,0.75
2180,18.635277,0.63
2181,17.48517,0.58999997
2182,1010.7335,0.63999999
2183,56.37521,0.52999997
2184,20.015558,0.58999997
2185,67.106705,0.58999997
2186,28.83354,0.63
2187,116.16238,0.66000003
2188,34.61948,0.60000002
2189,52.001217,0.64999998
2190,89.214394,0.67000002
2191,8.453373,0.60000002
2192,2.9836917,0.77999997
2193,126.90478,0.68000001
2194,38.411858,0.61000001
2195,61.490082,0.60000002
2196,49.753788,0.70999998
2197,10.374747,0.83999997
2198,8.9407263,0.66000003
2199,1055.5164,0.63999999
2200,125.05285,0.68000001
2201,121.6508,0.70999998
2202,11.773605,0.73000002
2203,6.5429988,0.76999998
2204,16.066154,0.81
2205,5.2416515,0.69
2206,122.11347,0.40000001
2207,206.69553,0.5
2208,45.021446,0.44
2209,75.514679,0.47999999
2210,39.235104,0.55000001
2211,7.5740538,0.68000001
2212,12.995097,0.56999999
2213,52.558285,0.56
2214,20.490904,0.64999998
2215,1.3662019,0.66000003
2216,1.5004624,0.79000002
2217,0.66664505,0.75999999
2218,41.893688,0.41999999
2219,72.270035,0.55000001
2220,11.207991,0.58999997
2221,49.418423,0.62
2222,11.144839,0.72000003
2223,0.87133914,0.77999997
2224,77.098969,0.40000001
2225,47.258682,0.41999999
2226,50.861736,0.60000002
2227,3.1096103,0.75
2228,268.57547,0.54000002
2229,5.6746278,0.66000003
2230,1670.0404,0.27000001
2231,105.4241,0.55000001
2232,2.078454,0.63
2233,22.582308,0.5
2234,22.812153,0.64999998
2235,12.294297,0.66000003
2236,2.1902249,0.69
2237,10.142177,0.50999999
2238,742.4093,0.46000001
2239,0.79478925,0.69999999
2240,138.40392,0.56999999
2241,196.77235,0.67000002
2242,1668.7813,0.41999999
2243,103.75881,0.61000001
2244,395.36588,0.47999999
2245,48.86985,0.73000002
2246,474.01849,0.52999997
2247,239.86595,0.66000003
2248,53.126625,0.66000003
2249,1030.686,0.47999999
2250,234.22452,0.63999999
2251,209.29242,0.50999999
2252,12.999667,0.66000003
2253,167.6084,0.5
2254,132.01593,0.51999998
2255,659.93976,0.51999998
2256,65.531837,0.63999999
2257,71.753555,0.60000002
2258,41.304798,0.57999998
2259,134.09853,0.60000002
2260,87.408897,0.56999999
2261,422.56882,0.63999999
2262,492.93628,0.54000002
2263,3029.3035,0.41999999
2264,38.630211,0.54000002
2265,349.5127,0.46000001
2266,180.48112,0.46000001
2267,15.825113,0.61000001
2268,187.8365,0.70999998
2269,33.942307,0.75999999
2270,68.150124,0.5
2271,51.936092,0.67000002
2272,105.45407,0.56
2273,68.093613,0.68000001
2274,59.035786,0.70999998
2275,455.27014,0.41999999
2276,535.01935,0.66000003
2277,250.12415,0.5
2278,360.65628,0.67000002
2279,990.93353,0.47999999
2280,351.19162,0.47999999
2281,94.618553,0.68000001
2282,44.007183,0.63
2283,172.772,0.50999999
2284,111.53629,0.69999999
2285,273.38446,0.5
2286,1619.3505,0.44
2287,135.48654,0.63999999
2288,799.87268,0.49000001
2289,198.54059,0.60000002
2290,82.205246,0.72000003
2291,11453.823,0.19
2292,110.69496,0.57999998
2293,15.45925,0.70999998
2294,188.79672,0.55000001
2295,116.29993,0.70999998
2296,71.606903,0.64999998
2297,13.646385,0.63
2298,49.395828,0.61000001
2299,36.053684,0.68000001
2300,137.53212,0.63999999
2301,80.266594,0.61000001
2302,45.999363,0.56999999
2303,241.96848,0.5
2304,70.400169,0.62
2305,353.24881,0.56
2306,70.010071,0.61000001
2307,474.24966,0.63999999
2308,2007.0491,0.40000001
2309,991.638,0.43000001
2310,771.7666,0.41
2311,1518.8486,0.36000001
2312,381.43793,0.41999999
2313,49.402401,0.55000001
2314,145.44815,0.66000003
2315,24.975502,0.27000001
2316,257.51584,0.67000002
2317,38.156582,0.34999999
2318,41.370129,0.52999997
2319,264.48477,0.60000002
2320,158.05363,0.61000001
2321,38.453548,0.5
2322,386.79642,0.51999998
2323,139.33092,0.64999998
2324,55.829639,0.49000001
2325,53.890694,0.51999998
2326,54.327526,0.46000001
2327,37.152248,0.50999999
2328,118.40968,0.52999997
2329,76.355713,0.47
2330,226.91913,0.63
2331,51.309845,0.57999998
2332,33.998356,0.37
2333,167.79314,0.56
2334,74.497383,0.52999997
2335,571.36926,0.66000003
2336,152.94928,0.61000001
2337,37.539749,0.38999999
2338,232.7531,0.62
2339,35.391499,0.43000001
2340,82.673439,0.62
2341,141.65596,0.62
2342,97.950104,0.61000001
2343,48.067387,0.37
2344,365.54294,0.72000003
2345,28.200743,0.47
2346,68.432899,0.41
2347,60.001335,0.40000001
2348,61.453754,0.62
2349,114.34757,0.68000001
2350,81.464027,0.34
2351,237.76547,0.73000002
2352,491.82458,0.41999999
2353,42.198551,0.60000002
2354,353.69733,0.63999999
2355,157.03899,0.49000001
2356,53.221245,0.55000001
2357,36.882847,0.34
2358,332.62753,0.63999999
2359,4.0498238,0.61000001
2360,12.922898,0.57999998
2361,2.8246229,0.50999999
2362,12.417057,0.61000001
2363,37.832081,0.56999999
2364,20.55024,0.56
2365,6.4411197,0.58999997
2366,4.3923211,0.27000001
2367,4.259263,0.74000001
2368,1.8266007,0.74000001
2369,8.1853399,0.52999997
2370,3.5817037,0.62
2371,32.77446,0.44
2372,38.053024,0.61000001
2373,1.6551183,0.41999999
2374,5.0870328,0.68000001
2375,43.47097,0.62
2376,5.3559589,0.47
2377,6.740438,0.57999998
2378,2.5922387,0.36000001
2379,6.7654381,0.79000002
2380,3.4349413,0.63999999
2381,4.1618242,0.63
2382,2.2096841,0.69
2383,10.355846,0.57999998
2384,3.9402127,0.66000003
2385,0.98016125,0.81
2386,11.352158,0.64999998
2387,2.2539642,0.68000001
2388,8.1722498,0.63999999
2389,0.42052081,0.86000001
2390,22.902576,0.68000001
2391,8.7645483,0.69999999
2392,1.617937,0.69999999
2393,1.422055,0.56999999
2394,3.6855385,0.60000002
2395,1.0684993,0.79000002
2396,6.3313484,0.60000002
2397,21.295069,0.56
2398,29.371178,0.63999999
2399,71.30056,0.64999998
2400,2.3726203,0.52999997
2401,9.7804232,0.62
2402,2.1452358,0.75
2403,4.9659247,0.52999997
2404,6.8909602,0.73000002
2405,1.5629712,0.58999997
2406,4.243113,0.55000001
2407,226.07645,0.56999999
2408,12.267353,0.51999998
2409,36.327339,0.67000002
2410,0.99908799,0.73000002
2411,2.3693347,0.70999998
2412,9.0195293,0.47999999
2413,4.274075,0.56999999
2414,6.5557656,0.12
2415,4.3580952,0.60000002
2416,1.9344813,0.69999999
2417,1.3387638,0.76999998
2418,7.2724051,0.25
2419,3.4341068,0.69
2420,13.353933,0.63999999
2421,31.689314,0.56999999
2422,7.3861318,0.68000001
2423,42.155033,0.57999998
2424,1.3004922,0.40000001
2425,221.77087,0.57999998
2426,97.002541,0.61000001
2427,40.586266,0.44999999
2428,31.913427,0.58999997
2429,219.82161,0.68000001
2430,297.24115,0.73000002
2431,85.342079,0.56
2432,52.175289,0.52999997
2433,47.60593,0.56
2434,173.12328,0.70999998
2435,131.75224,0.62
2436,56.537006,0.63999999
2437,71.942398,0.61000001
2438,33.437805,0.49000001
2439,82.980553,0.67000002
2440,122.47111,0.57999998
2441,54.631542,0.56999999
2442,79.383987,0.63999999
2443,1265.6864,0.44999999
2444,34.516735,0.52999997
2445,62.232204,0.50999999
2446,98.455292,0.55000001
2447,74.067329,0.61000001
2448,55.053387,0.61000001
2449,35.450569,0.63999999
2450,74.497131,0.52999997
2451,82.080994,0.55000001
2452,47.603069,0.52999997
2453,81.535172,0.64999998
2454,106.61567,0.68000001
2455,39.189255,0.43000001
2456,391.43637,0.66000003
2457,621.58832,0.56999999
2458,29.636694,0.69
2459,41.364876,0.44999999
2460,45.439995,0.61000001
2461,118.73685,0.66000003
2462,35.41053,0.41999999
2463,51.991833,0.64999998
2464,56.751377,0.56
2465,38.863976,0.5
2466,40.727238,0.40000001
2467,34.335556,0.41999999
2468,35.207394,0.40000001
2469,188.89465,0.68000001
2470,60.327671,0.72000003
2471,856.94537,0.62
2472,44.689354,0.44
2473,56.267284,0.47999999
2474,66.94104,0.60000002
2475,40.840996,0.56
2476,58.526852,0.63
2477,204.1445,0.70999998
2478,122.5696,0.67000002
2479,46.060585,0.57999998
2480,71.816261,0.63
2481,174.71634,0.56
2482,56.320957,0.50999999
2483,80.667633,0.55000001
2484,137.55394,0.57999998
2485,62.13628,0.61000001
2486,72.183685,0.64999998
2487,298.50708,0.57999998
2488,47.190697,0.60000002
2489,35.893528,0.60000002
2490,57.68066,0.57999998
2491,48.594654,0.46000001
2492,18.86265,0.47999999
2493,29.358328,0.60000002
2494,35.967949,0.58999997
2495,180.60161,0.58999997
2496,99.754066,0.66000003
2497,148.22777,0.62
2498,139.73778,0.61000001
2499,415.32104,0.62
2500,41.094242,0.58999997
2501,52.342335,0.58999997
2502,145.60966,0.70999998
2503,1219.6047,0.41999999
2504,61.069164,0.47999999
2505,29.096144,0.47999999
2506,374.19708,0.68000001
2507,299.94031,0.64999998
2508,129.51489,0.64999998
2509,69.345238,0.41
2510,95.306656,0.67000002
2511,85.720802,0.62
2512,20.039787,0.47999999
2513,93.557449,0.51999998
2514,369.58334,0.66000003
2515,22.488934,0.67000002
2516,57.669239,0.57999998
2517,67.565628,0.55000001
2518,303.49023,0.72000003
2519,196.95464,0.64999998
2520,53.23246,0.70999998
2521,9.3673487,0.85000002
2522,104.39019,0.67000002
2523,98.570633,0.70999998
2524,9.7966576,0.80000001
2525,2.2602098,0.82999998
2526,36.224556,0.63
2527,41.753437,0.75
2528,7.5880833,0.77999997
2529,25.968548,0.79000002
2530,84.286598,0.56999999
2531,4.2226849,0.70999998
2532,36.911049,0.56999999
2533,269.68185,0.64999998
2534,1324.5238,0.55000001
2535,12.932289,0.70999998
2536,0.66199744,0.83999997
2537,17.823944,0.75999999
2538,105.83105,0.64999998
2539,223.02911,0.68000001
2540,307.26895,0.69
2541,1.5310197,0.52999997
2542,1.586219,0.75999999
2543,7.8206,0.31999999
2544,40.353741,0.81999999
2545,24.896927,0.66000003
2546,45.328728,0.73000002
2547,69.283852,0.56
2548,40.157013,0.63
2549,14.940721,0.80000001
2550,437.61295,0.5
2551,64.771072,0.58999997
2552,6.6183486,0.82999998
2553,31.154751,0.61000001
2554,7.9370909,0.74000001
2555,52.444962,0.74000001
2556,46.067581,0.72000003
2557,10.625913,0.75999999
2558,9.9224186,0.75
2559,3.7757025,0.76999998
2560,3.6837637,0.82999998
2561,6.7290745,0.79000002
2562,934.01508,0.70999998
2563,3.3282688,0.75
2564,21.444519,0.70999998
2565,203.98222,0.76999998
2566,14.459988,0.72000003
2567,3.6098461,0.75999999
2568,44.240444,0.79000002
2569,68.95932,0.69999999
2570,1.7377255,0.70999998
2571,5.3019638,0.82999998
2572,1.3321859,0.72000003
2573,6.7914529,0.72000003
2574,0.60328484,0.51999998
2575,4.1822457,0.82999998
2576,2787.3269,0.5
2577,15.139774,0.75
2578,12.257111,0.77999997
2579,19.5254,0.69999999
2580,741.23724,0.69999999
2581,21.682127,0.75999999
2582,2.6973882,0.76999998
2583,7.342339,0.33000001
2584,3.9407554,0.80000001
2585,6.6993694,0.28
2586,19.618494,0.76999998
2587,149.40787,0.75999999
2588,0.87887514,0.76999998
2589,161.43729,0.75
2590,741.5769,0.43000001
2591,33.30854,0.76999998
2592,21.820564,0.58999997
2593,37.017094,0.66000003
2594,24.095131,0.72000003
2595,4.2900214,0.60000002
2596,6.5249667,0.79000002
2597,1.8877082,0.58999997
2598,636.68408,0.56999999
2599,37.950977,0.75999999
2600,22.098654,0.70999998
2601,14.259212,0.50999999
2602,10.238626,0.85000002
2603,719.78638,0.57999998
2604,5.2023315,0.81999999
2605,22.788488,0.80000001
2606,1.3555446,0.92000002
2607,8.2400141,0.64999998
2608,18.365723,0.70999998
2609,23.779539,0.85000002
2610,128.57896,0.69
2611,436.58359,0.70999998
2612,32.775833,0.66000003
2613,170.75658,0.73000002
2614,35.243973,0.79000002
2615,3.6840386,0.67000002
2616,9.624198,0.76999998
2617,5.8773584,0.88999999
2618,5.5710707,0.70999998
2619,59.736137,0.73000002
2620,2354.7722,0.55000001
2621,72.098106,0.63
2622,3.3975015,0.83999997
2623,5.539516,0.63999999
2624,229.46072,0.56999999
2625,3.80685,0.83999997
2626,90.274254,0.69999999
2627,472.14774,0.44999999
2628,37.241779,0.70999998
2629,24.521099,0.81
2630,122.06038,0.75999999
2631,44.198734,0.70999998
2632,18.168125,0.66000003
2633,36.484951,0.73000002
2634,0.68146986,0.64999998
2635,98.472702,0.70999998
2636,24.271778,0.83999997
2637,1.6557692,0.82999998
2638,9.2700377,0.79000002
2639,17.208143,0.74000001
2640,36.665401,0.64999998
2641,0.99716175,0.64999998
2642,269.20297,0.47999999
2643,4.3983417,0.34
2644,47.426483,0.46000001
2645,215.23421,0.73000002
2646,20.366426,0.72000003
2647,20.030201,0.67000002
2648,131.08443,0.69999999
2649,51.405334,0.81
2650,0.25330046,0.49000001
2651,0.7790941,0.73000002
2652,43.7393,0.77999997
2653,3.6291792,0.81999999
2654,0.31349611,0.88
2655,2.4012809,0.66000003
2656,35.187004,0.54000002
2657,3.9128249,0.69999999
2658,53.408188,0.69
2659,12.952009,0.80000001
2660,29.373308,0.76999998
2661,3.9023433,0.44
2662,19.114323,0.73000002
2663,25.82494,0.68000001
2664,15.785791,0.74000001
2665,65.344864,0.68000001
2666,24.521442,0.63999999
2667,3.3193507,0.86000001
2668,10.659096,0.75
2669,19.54932,0.75999999
2670,0.066856734,0.81
2671,300.78055,0.75
2672,6.3618212,0.77999997
2673,7.4627914,0.76999998
2674,223.99635,0.66000003
2675,0.72776282,0.82999998
2676,28.389347,0.69
2677,27.035109,0.56
2678,5.0077338,0.83999997
2679,4.2539907,0.76999998
2680,33.180195,0.64999998
2681,41.562408,0.40000001
2682,33.686787,0.69999999
2683,2.3583205,0.69
2684,146.97694,0.81999999
2685,24.22311,0.60000002
2686,6.6754889,0.80000001
2687,10.270988,0.75
2688,21.025894,0.75
2689,428.83716,0.77999997
2690,23.04863,0.81999999
2691,49.644218,0.52999997
2692,1.2957636,0.81999999
2693,67.722046,0.66000003
2694,49.063927,0.67000002
2695,14.653299,0.55000001
2696,16.356701,0.69999999
2697,386.50327,0.56999999
2698,10.67075,0.92000002
2699,1.4114063,0.87
2700,229.55971,0.63999999
2701,28.928734,0.70999998
2702,29.103994,0.69999999
2703,127.19229,0.77999997
2704,10.53693,0.86000001
2705,3.4108243,0.72000003
2706,44.009903,0.66000003
2707,133.97519,0.74000001
2708,1.9374894,0.38
2709,48.640381,0.70999998
2710,127.3829,0.82999998
2711,2.5644472,0.83999997
2712,4.179091,0.80000001
2713,12.155025,0.62
2714,4.1906357,0.51999998
2715,9.3805828,0.63999999
2716,0.95012182,0.91000003
2717,18.378941,0.56
2718,631.98639,0.79000002
2719,9.6789942,0.80000001
2720,53.251099,0.73000002
2721,20.821222,0.68000001
2722,16.242512,0.58999997
2723,43.637573,0.66000003
2724,98.637894,0.63
2725,5.1751266,0.77999997
2726,2.0837624,0.75999999
2727,17.974556,0.81999999
2728,3.3338768,0.85000002
2729,33.763584,0.68000001
2730,3.1559036,0.88
2731,220.4532,0.72000003
2732,42.907974,0.75999999
2733,51.242657,0.25999999
2734,10.76633,0.80000001
2735,1.3635014,0.88
2736,1.4738698,0.66000003
2737,2.9392667,0.81
2738,8.2449589,0.69999999
2739,2073.0376,0.62
2740,139.44885,0.76999998
2741,0.41099027,0.64999998
2742,13.644613,0.80000001
2743,1.7460634,0.75999999
2744,73.577164,0.63999999
2745,71.203087,0.75
2746,1037.2513,0.41999999
2747,20.057877,0.63999999
2748,22.273197,0.64999998
2749,64.762108,0.69999999
2750,2.5207865,0.83999997
2751,17.224653,0.61000001
2752,15.192195,0.58999997
2753,61.280113,0.75
2754,99.478188,0.70999998
2755,81.426125,0.66000003
2756,71.121513,0.55000001
2757,12.600959,0.75999999
2758,53.991814,0.73000002
2759,71.924339,0.43000001
2760,37.610157,0.66000003
2761,5.3463712,0.81999999
2762,203.31897,0.70999998
2763,13.944512,0.74000001
2764,34.180744,0.44999999
2765,365.78024,0.64999998
2766,50.4953,0.69999999
2767,8.0518684,0.80000001
2768,65.680527,0.75999999
2769,66.340416,0.75999999
2770,9.6254835,0.85000002
2771,19.290234,0.79000002
2772,14.081624,0.41999999
2773,8.9219637,0.25
2774,2.4197407,0.80000001
2775,8.7190304,0.86000001
2776,98.983879,0.81999999
2777,13.520167,0.57999998
2778,1.3474483,0.75999999
2779,988.00897,0.79000002
2780,5.5428371,0.85000002
2781,2.3875463,0.81
2782,0.89385486,0.85000002
2783,2.6238878,0.50999999
2784,13.729633,0.82999998
2785,3.0202804,0.77999997
2786,1.6535736,0.79000002
2787,1.8630676,0.83999997
2788,14.624184,0.86000001
2789,1.8883386,0.83999997
2790,2.1000743,0.88999999
2791,1403.6071,0.60000002
2792,1.9243813,0.60000002
2793,16.3377,0.81999999
2794,10.457275,0.86000001
2795,19.758446,0.51999998
2796,8.4173193,0.73000002
2797,7.0438862,0.86000001
2798,272.88107,0.86000001
2799,18.345678,0.73000002
2800,56.651936,0.81
2801,1.0571799,0.77999997
2802,402.81198,0.69999999
2803,47.729103,0.38
2804,53.841,0.40000001
2805,46.499687,0.47999999
2806,282.56241,0.34
2807,9.6121902,0.54000002
2808,75.630386,0.44999999
2809,91.507698,0.43000001
2810,56.31218,0.34999999
2811,41.965965,0.43000001
2812,39.129997,0.46000001
2813,67.573303,0.47
2814,85.169609,0.36000001
2815,55.115955,0.31
2816,58.243328,0.37
2817,84.486565,0.57999998
2818,131.34109,0.47999999
2819,48.314644,0.55000001
2820,36.115368,0.64999998
2821,68.357971,0.61000001
2822,43.609859,0.66000003
2823,8406.7646,0.31
2824,74.219574,0.74000001
2825,8.4269819,0.63
2826,89.004524,0.69999999
2827,18.933945,0.68000001
2828,59.984486,0.69
2829,30.93581,0.41
2830,45.367855,0.46000001
2831,27.683233,0.52999997
2832,105.01068,0.69
2833,52.33567,0.5
2834,60.952389,0.67000002
2835,39.488514,0.36000001
2836,25.34553,0.57999998
2837,720.29858,0.63
2838,82.597275,0.57999998
2839,15.029794,0.64999998
2840,122.05153,0.63999999
2841,32.692574,0.57999998
2842,48.496597,0.47999999
2843,52.291759,0.56999999
2844,43.407585,0.52999997
2845,2626.5488,0.46000001
2846,104.67908,0.63999999
2847,39.381977,0.62
2848,89.543098,0.58999997
2849,75.025574,0.63
2850,180.81837,0.68000001
2851,48.57708,0.57999998
2852,180.89487,0.68000001
2853,74.925819,0.63999999
2854,35.679188,0.64999998
2855,117.64594,0.66000003
2856,40.783237,0.41
2857,43.034508,0.56999999
2858,211.41832,0.70999998
2859,1245.1273,0.54000002
2860,143.55359,0.56999999
2861,5.6221251,0.64999998
2862,113.58262,0.63
2863,445.94254,0.61000001
2864,21.488377,0.52999997
2865,130.87367,0.64999998
2866,58.907249,0.63999999
2867,84.345406,0.60000002
2868,57.570316,0.57999998
2869,579.341,0.56
2870,66.53672,0.58999997
2871,29.647697,0.54000002
2872,42.629448,0.62
2873,104.85038,0.68000001
2874,51.237873,0.56999999
2875,82.357368,0.62
2876,234.46303,0.54000002
2877,32.786781,0.5
2878,86.434479,0.68000001
2879,65.061195,0.49000001
2880,67.576004,0.60000002
2881,50.62418,0.55000001
2882,98.330719,0.60000002
2883,77.364403,0.64999998
2884,38.57243,0.67000002
2885,63.263836,0.63999999
2886,107.02776,0.74000001
2887,63.413681,0.49000001
2888,139.73503,0.61000001
2889,1122.5103,0.52999997
2890,109.25051,0.62
2891,26.39052,0.54000002
2892,46.803997,0.62
2893,362.78729,0.64999998
2894,35.512077,0.58999997
2895,88.273514,0.74000001
2896,61.623318,0.52999997
2897,42.090649,0.64999998
2898,80.116356,0.69
2899,70.2033,0.63999999
2900,30.827864,0.54000002
2901,301.79214,0.63
2902,459.27701,0.62
2903,25.396917,0.44
2904,24.689798,0.43000001
2905,86.402321,0.56999999
2906,171.79852,0.61000001
2907,94.193939,0.66000003
2908,77.170448,0.5
2909,103.38776,0.57999998
2910,62.317322,0.68000001
2911,578.70325,0.64999998
2912,9883.1201,0.31999999
2913,921.89313,0.57999998
2914,1371.4242,0.63999999
2915,910.8476,0.58999997
2916,4114.0127,0.27000001
2917,652.89874,0.56999999
2918,2384.0288,0.74000001
2919,1084.0973,0.47999999
2920,1031.0955,0.49000001
2921,817.49603,0.44
2922,3908.8748,0.47999999
2923,6020.6445,0.34
2924,1055.1897,0.46000001
2925,2205.0769,0.44999999
2926,836.16919,0.56999999
2927,2785.5005,0.41999999
2928,2570.2979,0.56
2929,2257.4441,0.54000002
2930,2767.041,0.41999999
2931,1496.8921,0.55000001
2932,3675.6594,0.56
2933,4832.2632,0.54000002
2934,1335.7977,0.44999999
2935,2828.5354,0.47
2936,4342.8564,0.37
2937,493.0943,0.50999999
2938,1441.6328,0.19
2939,760.11859,0.76999998
2940,2995.2051,0.38
2941,1648.4009,0.52999997
2942,3403.5459,0.28999999
2943,2203.1992,0.46000001
2944,1745.4072,0.62
2945,1211.9951,0.60000002
2946,209.13704,0.51999998
2947,1746.2302,0.58999997
2948,1447.9818,0.63999999
2949,1489.6431,0.47999999
2950,2820.0129,0.56999999
2951,9.2116156,0.73000002
2952,33.73296,0.61000001
2953,98.816742,0.66000003
2954,24.773335,0.63
2955,41.054882,0.50999999
2956,687.6582,0.51999998
2957,4.6500173,0.69999999
2958,89.550453,0.47999999
2959,20.634134,0.67000002
2960,3.4120061,0.60000002
2961,62.262455,0.67000002
2962,2.9568727,0.70999998
2963,32.859379,0.68000001
2964,37.454998,0.46000001
2965,388.87131,0.50999999
2966,16.357353,0.36000001
2967,901.41174,0.34
2968,608.27728,0.47
2969,17.208881,0.56
2970,10.977508,0.54000002
2971,31.043301,0.64999998
2972,4.4340487,0.69
2973,60.366867,0.47
2974,7.6977015,0.58999997
2975,22.80028,0.44
2976,9.2453794,0.60000002
2977,474.61395,0.47999999
2978,88.518951,0.33000001
2979,68.890198,0.5
2980,6.5767708,0.51999998
2981,332.47983,0.46000001
2982,265.74872,0.55000001
2983,17.081871,0.63999999
2984,345.21515,0.43000001
2985,15.372331,0.51999998
2986,46.484665,0.62
2987,94.56517,0.44999999
2988,19.769165,0.51999998
2989,55.642738,0.60000002
2990,46.239891,0.60000002
2991,323.39267,0.63
2992,49.124825,0.41
2993,28.110151,0.49000001
2994,264.59796,0.47999999
2995,338.12631,0.55000001
2996,25.364992,0.55000001
2997,29.269945,0.54000002
2998,22.475838,0.74000001
2999,69.46978,0.46000001
3000,20.067932,0.57999998
3001,24.796263,0.81
3002,33.808304,0.56999999
3003,35.365837,0.69
3004,358.95486,0.50999999
3005,23.330757,0.69
3006,165.63472,0.56
3007,60.256508,0.57999998
3008,251.74911,0.52999997
3009,212.22835,0.50999999
3010,45.509262,0.63999999
3011,50.629814,0.49000001
3012,78.152588,0.47
3013,41.887188,0.38
3014,183.1051,0.47999999
3015,106.04768,0.56999999
3016,59.205467,0.54000002
3017,147.28087,0.57999998
3018,83.006592,0.69
3019,62.438477,0.43000001
3020,249.41924,0.51999998
3021,28.973291,0.60000002
3022,71.555527,0.66000003
3023,40.412746,0.52999997
3024,414.54755,0.56999999
3025,10.58935,0.61000001
3026,56.329411,0.60000002
3027,8.9525766,0.58999997
3028,46.65414,0.66000003
3029,160.79681,0.62
3030,130.47031,0.61000001
3031,27.305298,0.56999999
3032,22.508776,0.74000001
3033,30.750334,0.56
3034,36.218201,0.54000002
3035,94.500587,0.58999997
3036,16.262764,0.61000001
3037,33.701538,0.66000003
3038,67.104897,0.67000002
3039,81.296265,0.54000002
3040,16.986589,0.46000001
3041,45.169838,0.51999998
3042,24.057137,0.64999998
3043,236.56319,0.63999999
3044,46.526394,0.56999999
3045,31.012491,0.47
3046,15.50167,0.36000001
3047,52.838055,0.5
3048,10.017964,0.38999999
3049,467.80914,0.54000002
3050,19.61363,0.46000001
3051,19.334867,0.50999999
3052,139.87975,0.57999998
3053,59.983135,0.50999999
3054,27.49674,0.52999997
3055,71.298325,0.50999999
3056,29.214708,0.44
3057,408.81857,0.33000001
3058,98.98774,0.61000001
3059,57.621513,0.50999999
3060,33.819302,0.34
3061,50.430328,0.47
3062,155.90242,0.44
3063,9.331336,0.63
3064,138.4274,0.63
3065,9.4718914,0.50999999
3066,42.658012,0.47999999
3067,61.833569,0.47
3068,52.139256,0.63999999
3069,30.810181,0.43000001
3070,8.0266018,0.49000001
3071,20.141474,0.44999999
3072,145.11844,0.56
3073,34.459038,0.51999998
3074,606.18121,0.47
3075,59.289806,0.52999997
3076,251.09058,0.46000001
3077,24.838692,0.47
3078,22.927286,0.56
3079,33.288841,0.50999999
3080,136.22786,0.51999998
3081,85.187859,0.52999997
3082,29.939569,0.52999997
3083,32.332497,0.54000002
3084,12.607553,0.17
3085,3972.2014,0.37
3086,48.580822,0.52999997
3087,37.224678,0.56
3088,31.952007,0.51999998
3089,276.65729,0.54000002
3090,372.11679,0.66000003
3091,31.397045,0.46000001
3092,69.526405,0.47999999
3093,48.24305,0.50999999
3094,85.793198,0.41999999
3095,11.347986,0.49000001
3096,602.22998,0.51999998
3097,30.44705,0.50999999
3098,222.29301,0.41
3099,15.733829,0.5
3100,115.47275,0.54000002
3101,70.343704,0.47
3102,13.481978,0.51999998
3103,46.123905,0.57999998
3104,223.03993,0.55000001
3105,19.717602,0.57999998
3106,37.807713,0.41999999
3107,36.891476,0.46000001
3108,24.602932,0.57999998
3109,181.14648,0.58999997
3110,20.583364,0.5
3111,303.33368,0.69999999
3112,689.65308,0.67000002
3113,68.786331,0.58999997
3114,39.304573,0.56
3115,372.4942,0.52999997
3116,93.256287,0.50999999
3117,7.9524894,0.54000002
3118,3.691752,0.80000001
3119,9.1659803,0.81999999
3120,1.9908464,0.67000002
3121,3.1912787,0.77999997
3122,2.3273704,0.83999997
3123,4.216713,0.67000002
3124,5.5358257,0.70999998
3125,2.2905495,0.73000002
3126,2.0476286,0.81
3127,33.079777,0.64999998
3128,4.1766105,0.81
3129,13.953117,0.67000002
3130,0.90105426,0.81
3131,4.0297337,0.76999998
3132,3.9310672,0.69
3133,11.557397,0.69
3134,1.8006899,0.77999997
3135,3.9544194,0.64999998
3136,5.1674762,0.44999999
3137,10.05302,0.75
3138,3.5316081,0.77999997
3139,2.923028,0.81
